Identity,Facial Expression
./data/WhatsApp Image 2023-02-21 at 1.47.10 PM.jpeg,smile
./data/WhatsApp Image 2023-02-21 at 1.47.58 PM (1).jpeg,no smile
./data/WhatsApp Image 2023-02-21 at 1.47.58 PM.jpeg,no smile
./data/WhatsApp Image 2023-02-21 at 1.53.55 PM.jpeg,no smile
./data/WhatsApp Image 2023-02-21 at 1.55.09 PM.jpeg,no smile
./data/WhatsApp Image 2023-02-21 at 2.09.01 PM.jpeg,smile
./data/WhatsApp Image 2023-02-21 at 2.09.02 PM.jpeg,smile
./data/WhatsApp Image 2023-02-21 at 2.09.03 PM.jpeg,no smile
./data/WhatsApp Image 2023-02-21 at 2.09.04 PM (1).jpeg,no smile
./data/WhatsApp Image 2023-02-21 at 2.09.04 PM.jpeg,no smile
./data/WhatsApp Image 2023-02-21 at 2.09.05 PM (1).jpeg,no smile
./data/WhatsApp Image 2023-02-21 at 2.09.05 PM.jpeg,smile
./data/WhatsApp Image 2023-02-21 at 2.09.07 PM (1).jpeg,smile
./data/WhatsApp Image 2023-02-21 at 2.09.07 PM (2).jpeg,no smile
./data/WhatsApp Image 2023-02-21 at 2.09.07 PM.jpeg,smile
./data/WhatsApp Image 2023-02-21 at 2.09.08 PM (1).jpeg,smile
./data/WhatsApp Image 2023-02-21 at 2.09.08 PM (2).jpeg,no smile
./data/WhatsApp Image 2023-02-21 at 2.09.08 PM (3).jpeg,no smile
./data/WhatsApp Image 2023-02-21 at 2.09.08 PM.jpeg,smile
./data/WhatsApp Image 2023-02-21 at 2.09.09 PM (1).jpeg,no smile
./data/WhatsApp Image 2023-02-21 at 2.09.09 PM (2).jpeg,smile
./data/WhatsApp Image 2023-02-21 at 2.09.09 PM.jpeg,no smile
./data/WhatsApp Image 2023-02-21 at 2.09.10 PM.jpeg,smile
./data/WhatsApp Image 2023-02-21 at 2.27.12 PM.jpeg,no smile
./data/WhatsApp Image 2023-02-21 at 2.27.13 PM.jpeg,no smile
./data/WhatsApp Image 2023-02-21 at 2.27.14 PM (1).jpeg,smile
./data/WhatsApp Image 2023-02-21 at 2.27.14 PM.jpeg,smile
./data/WhatsApp Image 2023-02-21 at 2.27.15 PM (1).jpeg,smile
./data/WhatsApp Image 2023-02-21 at 2.27.15 PM.jpeg,no smile
./data/WhatsApp Image 2023-02-21 at 2.27.16 PM (1).jpeg,smile
./data/WhatsApp Image 2023-02-21 at 2.27.16 PM.jpeg,no smile
